{
    "CLI_version": "3.3.5",
    "args": {
        "address": {},
        "assert_contracts": null,
        "build_only": false,
        "bytecode_jsons": null,
        "bytecode_spec": null,
        "cache": "contracts/ERC20.sol:ERC20-optimisticTrue-iterNone",
        "check_args": false,
        "cloud": null,
        "coinbaseMode": false,
        "contract_to_file": {
            "ERC20": "contracts/ERC20.sol"
        },
        "contracts": [
            "ERC20"
        ],
        "debug": null,
        "debug_topics": false,
        "delay_fetch_output_seconds": null,
        "disableLocalTypeChecking": false,
        "disable_auto_cache_key_gen": false,
        "dynamic_bound": null,
        "dynamic_dispatch": false,
        "env": "production",
        "expected_file": "expected.json",
        "file_paths": [
            "contracts/ERC20.sol"
        ],
        "file_to_contract": {
            "contracts/ERC20.sol": [
                "ERC20"
            ]
        },
        "files": [
            "contracts/ERC20.sol:ERC20"
        ],
        "get_conf": null,
        "internal_funcs": null,
        "jar": null,
        "java_args": null,
        "link": null,
        "local": false,
        "log_branch": null,
        "log_query_frequency_seconds": null,
        "loop_iter": null,
        "max_attempts_to_fetch_output": null,
        "max_graph_depth": null,
        "max_poll_minutes": null,
        "method": null,
        "mode": "Mode.VERIFY",
        "msg": "ERC20:setup.spec ",
        "multi_assert_check": false,
        "no_compare": false,
        "optimistic_loop": true,
        "optimize": null,
        "optimize_map": null,
        "packages": null,
        "packages_path": "/workspaces/Tutorials/eth-warsaw/node_modules",
        "path": "/workspaces/Tutorials/eth-warsaw/contracts",
        "process": "emv",
        "prototype": null,
        "queue_wait_minutes": null,
        "rule": null,
        "rule_sanity": null,
        "send_only": false,
        "settings": [
            "-assumeUnwindCond"
        ],
        "short_output": false,
        "smt_timeout": null,
        "solc": "/usr/local/bin/solc",
        "solc_args": null,
        "solc_map": null,
        "spec_files": [
            "setup.spec"
        ],
        "staging": null,
        "struct_link": null,
        "tool_output": null,
        "typecheck_only": false,
        "user_defined_cache": false,
        "verified_contract_files": [
            "contracts/ERC20.sol"
        ],
        "verify": [
            "ERC20:setup.spec"
        ]
    },
    "branch": "eth-warsaw-docker",
    "conf": {
        "cache": "contracts/ERC20.sol:ERC20-optimisticTrue-iterNone",
        "files": [
            "contracts/ERC20.sol:ERC20"
        ],
        "msg": "ERC20:setup.spec ",
        "optimistic_loop": true,
        "process": "emv",
        "verify": [
            "ERC20:setup.spec"
        ]
    },
    "cwd_relative": "eth-warsaw",
    "dirty": true,
    "origin": "https://github.com/Certora/Tutorials.git",
    "raw_args": [
        "/usr/local/bin/certoraRun",
        "contracts/ERC20.sol:ERC20",
        "--verify",
        "ERC20:setup.spec",
        "--optimistic_loop",
        "--msg",
        "ERC20:setup.spec "
    ],
    "revision": "2d8c2c8a1f5d3e10d064b5ad07b0be740e7174d2",
    "timestamp": "1661868684.187873"
}